"","species_name","algorithm","dismo_threshold","kappa","spec_sens","no_omission","prevalence","equal_sens_spec","sensitivity","correlation","AUC","AUCratio","pROC","TSSmax","KAPPAmax","prevalence.value","PPP","NPP","TPR","TNR","FPR","FNR","CCR","Kappa","F_score","Jaccard"
"1","tacinga_funalis","bioclim","spec_sens",0.325825923333333,0.325825923333333,-1e-04,0.325925923333333,0.25175185,0.25175185,0.226071332832468,0.5475,1.095,1.99373422074921,0.183333333333333,0.225490196078431,0.317460317460317,0.833333333333333,0.726190476190476,0.216666666666667,0.966666666666667,0.0333333333333333,0.783333333333333,0.726984126984127,0.225490196078431,0.333333333333333,0.2
"2","tacinga_funalis","glm","spec_sens",0.48828907,0.434541653333333,0.0623752966666667,0.319421196666667,0.325432723333333,0.112298513333333,0.263608979001635,0.653333333333333,1.30666666666667,1.66201048571748,0.416666666666667,0.423015873015873,0.317460317460317,0.62037037037037,0.827777777777778,0.65,0.766666666666667,0.233333333333333,0.35,0.73015873015873,0.411111111111111,0.607142857142857,0.444444444444444
"3","tacinga_funalis","maxnet","spec_sens",0.41262819,0.41262819,0.31763657,0.305604286666667,0.484809893333333,0.352936713333333,0.177812248090278,0.621666666666667,1.24333333333333,1.73707438591371,0.416666666666667,0.380227743271222,0.317460317460317,0.544871794871795,0.919047619047619,0.85,0.566666666666667,0.433333333333333,0.15,0.663492063492064,0.380227743271222,0.64031339031339,0.476353276353276
