"","threshold","tp","fp","fn","tn","prevalence","ODP","CCR","TPR","TNR","FPR","FNR","PPP","NPP","MCR","OR","kappa","TSS","FScore","Jaccard"
"1",-1e-04,5,10,0,0,0.333333333333333,0.666666666666667,0.333333333333333,1,0,1,0,0.333333333333333,NA,0.666666666666667,NA,0,0,0.5,0.333333333333333
"2",0.11101111,1,3,4,7,0.333333333333333,0.666666666666667,0.533333333333333,0.2,0.7,0.3,0.8,0.25,0.636363636363636,0.466666666666667,0.583333333333333,-0.105263157894737,-0.1,0.222222222222222,0.125
"3",0.22212222,1,1,4,9,0.333333333333333,0.666666666666667,0.666666666666667,0.2,0.9,0.1,0.8,0.5,0.692307692307692,0.333333333333333,2.25,0.117647058823529,0.1,0.285714285714286,0.166666666666667
"4",0.33323333,1,0,4,10,0.333333333333333,0.666666666666667,0.733333333333333,0.2,1,0,0.8,1,0.714285714285714,0.266666666666667,Inf,0.25,0.2,0.333333333333333,0.2
"5",0.33333333,1,0,4,10,0.333333333333333,0.666666666666667,0.733333333333333,0.2,1,0,0.8,1,0.714285714285714,0.266666666666667,Inf,0.25,0.2,0.333333333333333,0.2
"6",0.33343333,0,0,5,10,0.333333333333333,0.666666666666667,0.666666666666667,0,1,0,1,NA,0.666666666666667,0.333333333333333,NA,0,0,NA,0
