"","threshold","tp","fp","fn","tn","prevalence","ODP","CCR","TPR","TNR","FPR","FNR","PPP","NPP","MCR","OR","kappa","TSS","FScore","Jaccard"
"1",-1e-04,4,10,0,0,0.285714285714286,0.714285714285714,0.285714285714286,1,0,1,0,0.285714285714286,NA,0.714285714285714,NA,0,0,0.444444444444444,0.285714285714286
"2",0.1999,1,1,3,9,0.285714285714286,0.714285714285714,0.714285714285714,0.25,0.9,0.1,0.75,0.5,0.75,0.285714285714286,3,0.176470588235294,0.15,0.333333333333333,0.2
"3",0.2,0,1,4,9,0.285714285714286,0.714285714285714,0.642857142857143,0,0.9,0.1,1,0,0.692307692307692,0.357142857142857,0,-0.129032258064516,-0.1,0,0
"4",0.2001,0,0,4,10,0.285714285714286,0.714285714285714,0.714285714285714,0,1,0,1,NA,0.714285714285714,0.285714285714286,NA,0,0,NA,0
