"","threshold","tp","fp","fn","tn","prevalence","ODP","CCR","TPR","TNR","FPR","FNR","PPP","NPP","MCR","OR","kappa","TSS","FScore","Jaccard"
"1",-1e-04,5,10,0,0,0.333333333333333,0.666666666666667,0.333333333333333,1,0,1,0,0.333333333333333,NA,0.666666666666667,NA,0,0,0.5,0.333333333333333
"2",0.44434444,1,0,4,10,0.333333333333333,0.666666666666667,0.733333333333333,0.2,1,0,0.8,1,0.714285714285714,0.266666666666667,Inf,0.25,0.2,0.333333333333333,0.2
"3",0.44444444,1,0,4,10,0.333333333333333,0.666666666666667,0.733333333333333,0.2,1,0,0.8,1,0.714285714285714,0.266666666666667,Inf,0.25,0.2,0.333333333333333,0.2
"4",0.44454444,0,0,5,10,0.333333333333333,0.666666666666667,0.666666666666667,0,1,0,1,NA,0.666666666666667,0.333333333333333,NA,0,0,NA,0
